<?xml version="1.0"?>
<!DOCTYPE hibernate-mapping PUBLIC "-//Hibernate/Hibernate Mapping DTD 3.0//EN"
"http://www.hibernate.org/dtd/hibernate-mapping-3.0.dtd">
<!-- Generated 15/09/2017 22:43:38 by Hibernate Tools 4.3.1 -->
<hibernate-mapping>
    <class name="DAO.Acesso" table="Acesso" catalog="Vendas" optimistic-lock="version">
        <id name="login" type="string">
            <column name="login" length="50" />
            <generator class="assigned" />
        </id>
        <many-to-one name="funcionario" class="DAO.Funcionario" fetch="select">
            <column name="func_ID" length="60" not-null="true" />
        </many-to-one>
        <property name="senha" type="string">
            <column name="senha" length="50" not-null="true" />
        </property>
    </class>
</hibernate-mapping>
