<?xml version="1.0"?>
<!DOCTYPE hibernate-mapping PUBLIC "-//Hibernate/Hibernate Mapping DTD 3.0//EN"
"http://www.hibernate.org/dtd/hibernate-mapping-3.0.dtd">
<!-- Generated 15/09/2017 22:43:38 by Hibernate Tools 4.3.1 -->
<hibernate-mapping>
    <class name="DAO.Cliente" table="Cliente" catalog="Vendas" optimistic-lock="version">
        <id name="cliId" type="string">
            <column name="cli_ID" length="60" />
            <generator class="assigned" />
        </id>
        <property name="nome" type="string">
            <column name="Nome" length="60" not-null="true" />
        </property>
        <property name="sobrenome" type="string">
            <column name="Sobrenome" length="60" not-null="true" />
        </property>
        <property name="cpf" type="string">
            <column name="CPF" length="15" not-null="true" />
        </property>
        <property name="rg" type="string">
            <column name="RG" length="60" />
        </property>
        <property name="dataNascimento" type="date">
            <column name="Data_nascimento" length="10" />
        </property>
        <property name="endereco" type="string">
            <column name="Endereco" length="60" not-null="true" />
        </property>
        <property name="numero" type="string">
            <column name="Numero" length="30" />
        </property>
        <property name="complemento" type="string">
            <column name="Complemento" length="60" />
        </property>
        <property name="cidade" type="string">
            <column name="Cidade" length="60" />
        </property>
        <property name="estado" type="string">
            <column name="Estado" length="60" />
        </property>
        <property name="telFixo" type="string">
            <column name="Tel_fixo" length="30" />
        </property>
        <property name="telMovel" type="string">
            <column name="Tel_movel" length="30" />
        </property>
        <property name="email" type="string">
            <column name="email" length="80" />
        </property>
        <property name="nomeMae" type="string">
            <column name="Nome_mae" length="80" />
        </property>
        <property name="nomePai" type="string">
            <column name="Nome_pai" length="80" />
        </property>
        <property name="sexo" type="string">
            <column name="Sexo" length="30" />
        </property>
        <property name="bairro" type="string">
            <column name="bairro" length="45" />
        </property>
        <property name="estadoCivil" type="string">
            <column name="estado_civil" length="45" />
        </property>
        <set name="vendases" table="Vendas" inverse="true" lazy="true" fetch="select">
            <key>
                <column name="cli_ID" length="60" />
            </key>
            <one-to-many class="DAO.Vendas" />
        </set>
    </class>
</hibernate-mapping>
