<?xml version="1.0"?>
<!DOCTYPE hibernate-mapping PUBLIC "-//Hibernate/Hibernate Mapping DTD 3.0//EN"
"http://www.hibernate.org/dtd/hibernate-mapping-3.0.dtd">
<!-- Generated 15/09/2017 22:43:38 by Hibernate Tools 4.3.1 -->
<hibernate-mapping>
    <class name="DAO.ImagemProduto" table="Imagem_Produto" catalog="Vendas" optimistic-lock="version">
        <id name="imagemId" type="string">
            <column name="Imagem_ID" length="60" />
            <generator class="assigned" />
        </id>
        <many-to-one name="produto" class="DAO.Produto" fetch="select">
            <column name="prod_ID" length="60" />
        </many-to-one>
        <property name="imagem" type="binary">
            <column name="imagem" />
        </property>
    </class>
</hibernate-mapping>
