<?xml version="1.0"?>
<!DOCTYPE hibernate-mapping PUBLIC "-//Hibernate/Hibernate Mapping DTD 3.0//EN"
"http://www.hibernate.org/dtd/hibernate-mapping-3.0.dtd">
<!-- Generated 15/09/2017 22:43:38 by Hibernate Tools 4.3.1 -->
<hibernate-mapping>
    <class name="DAO.PedidoEstoque" table="PedidoEstoque" catalog="Vendas" optimistic-lock="version">
        <id name="idPedEst" type="string">
            <column name="IdPedEst" length="60" />
            <generator class="assigned" />
        </id>
        <many-to-one name="funcionario" class="DAO.Funcionario" fetch="select">
            <column name="id_func" length="60" />
        </many-to-one>
        <property name="dataPed" type="date">
            <column name="dataPed" length="10" />
        </property>
        <property name="dataAtend" type="date">
            <column name="dataAtend" length="10" />
        </property>
        <set name="prodPedEstoques" table="ProdPedEstoque" inverse="true" lazy="true" fetch="select">
            <key>
                <column name="idPedEst" length="60" />
            </key>
            <one-to-many class="DAO.ProdPedEstoque" />
        </set>
    </class>
</hibernate-mapping>
