<?xml version="1.0"?>
<!DOCTYPE hibernate-mapping PUBLIC "-//Hibernate/Hibernate Mapping DTD 3.0//EN"
"http://www.hibernate.org/dtd/hibernate-mapping-3.0.dtd">
<!-- Generated 15/09/2017 22:43:38 by Hibernate Tools 4.3.1 -->
<hibernate-mapping>
    <class name="DAO.Produto" table="Produto" catalog="Vendas" optimistic-lock="version">
        <id name="prodId" type="string">
            <column name="prod_ID" length="60" />
            <generator class="assigned" />
        </id>
        <property name="nomeProd" type="string">
            <column name="Nome_prod" length="80" not-null="true" />
        </property>
        <property name="quantidadeEstoque" type="int">
            <column name="Quantidade_estoque" not-null="true" />
        </property>
        <property name="descricao" type="string">
            <column name="Descricao" />
        </property>
        <property name="precoVenda" type="java.lang.Float">
            <column name="preco_venda" precision="12" scale="0" />
        </property>
        <property name="precoCusto" type="java.lang.Float">
            <column name="preco_custo" precision="12" scale="0" />
        </property>
        <property name="altura" type="java.lang.Float">
            <column name="altura" precision="12" scale="0" />
        </property>
        <property name="largura" type="java.lang.Float">
            <column name="largura" precision="12" scale="0" />
        </property>
        <property name="profundidade" type="java.lang.Float">
            <column name="profundidade" precision="12" scale="0" />
        </property>
        <property name="marca" type="string">
            <column name="marca" length="45" />
        </property>
        <set name="prodVendas" table="Prod_Venda" inverse="true" lazy="true" fetch="select">
            <key>
                <column name="prod_ID" length="60" />
            </key>
            <one-to-many class="DAO.ProdVenda" />
        </set>
        <set name="prodPedEstoques" table="ProdPedEstoque" inverse="true" lazy="true" fetch="select">
            <key>
                <column name="idProd" length="60" />
            </key>
            <one-to-many class="DAO.ProdPedEstoque" />
        </set>
        <set name="imagemProdutos" table="Imagem_Produto" inverse="true" lazy="true" fetch="select">
            <key>
                <column name="prod_ID" length="60" />
            </key>
            <one-to-many class="DAO.ImagemProduto" />
        </set>
    </class>
</hibernate-mapping>
