<?xml version="1.0"?>
<!DOCTYPE hibernate-mapping PUBLIC "-//Hibernate/Hibernate Mapping DTD 3.0//EN"
"http://www.hibernate.org/dtd/hibernate-mapping-3.0.dtd">
<!-- Generated 15/09/2017 22:43:38 by Hibernate Tools 4.3.1 -->
<hibernate-mapping>
    <class name="DAO.ProdVenda" table="Prod_Venda" catalog="Vendas" optimistic-lock="version">
        <id name="prodVendaId" type="string">
            <column name="prodVenda_ID" length="60" />
            <generator class="assigned" />
        </id>
        <many-to-one name="produto" class="DAO.Produto" fetch="select">
            <column name="prod_ID" length="60" />
        </many-to-one>
        <many-to-one name="vendas" class="DAO.Vendas" fetch="select">
            <column name="venda_ID" length="60" />
        </many-to-one>
        <property name="quantidade" type="java.lang.Integer">
            <column name="quantidade" />
        </property>
        <property name="valorUnitario" type="java.lang.Float">
            <column name="valor_unitario" precision="12" scale="0" />
        </property>
    </class>
</hibernate-mapping>
