<?xml version="1.0"?>
<!DOCTYPE hibernate-mapping PUBLIC "-//Hibernate/Hibernate Mapping DTD 3.0//EN"
"http://www.hibernate.org/dtd/hibernate-mapping-3.0.dtd">
<!-- Generated 15/09/2017 22:43:38 by Hibernate Tools 4.3.1 -->
<hibernate-mapping>
    <class name="DAO.Vendas" table="Vendas" catalog="Vendas" optimistic-lock="version">
        <id name="vendaId" type="string">
            <column name="venda_ID" length="60" />
            <generator class="assigned" />
        </id>
        <many-to-one name="cliente" class="DAO.Cliente" fetch="select">
            <column name="cli_ID" length="60" />
        </many-to-one>
        <many-to-one name="funcionario" class="DAO.Funcionario" fetch="select">
            <column name="func_ID" length="60" />
        </many-to-one>
        <property name="dataCompra" type="date">
            <column name="Data_compra" length="10" />
        </property>
        <property name="valorTotal" type="java.lang.Float">
            <column name="valor_total" precision="12" scale="0" />
        </property>
        <property name="numParcelas" type="java.lang.Integer">
            <column name="num_parcelas" />
        </property>
        <property name="formaPagamento" type="string">
            <column name="forma_pagamento" length="60" />
        </property>
        <property name="statusVenda" type="java.lang.Integer">
            <column name="status_venda" />
        </property>
        <set name="prodVendas" table="Prod_Venda" inverse="true" lazy="true" fetch="select">
            <key>
                <column name="venda_ID" length="60" />
            </key>
            <one-to-many class="DAO.ProdVenda" />
        </set>
        <set name="parcelas" table="Parcela" inverse="true" lazy="true" fetch="select">
            <key>
                <column name="venda_ID" length="60" />
            </key>
            <one-to-many class="DAO.Parcela" />
        </set>
    </class>
</hibernate-mapping>
